bprna_id,stems_actual,energy_actual,stems_predicted,energy_predicted,sensitivity_bp,specificity_bp,sensitivity_b,specificity_b
bpRNA_CRW_32863,"[[11, 23, 3]]",-9,"[[6, 17, 3], [11, 22, 4]]",-36.0,0.0,0.0,0.35714285714285715,0.8333333333333334
bpRNA_PDB_368,"[[1, 25, 2], [4, 22, 1], [6, 19, 5]]",-39,"[[1, 6, 3], [8, 19, 3], [11, 22, 3], [14, 25, 3]]",-101.0,0.0,0.0,0.625,0.9375
bpRNA_PDB_389,"[[1, 23, 3], [4, 17, 4]]",-48,"[[1, 17, 3], [4, 9, 3], [19, 25, 3]]",-78.0,0.0,0.0,0.6666666666666666,0.8571428571428571
bpRNA_RFAM_25456,"[[2, 18, 3], [5, 14, 3]]",-36,"[[2, 18, 3], [5, 14, 3]]",-36.0,1.0,1.0,1.0,1.0
bpRNA_SRP_2,"[[1, 43, 5], [11, 36, 3], [19, 28, 3]]",-113,"[[1, 43, 5], [10, 28, 3], [13, 19, 3], [20, 36, 3]]",-159.0,0.35714285714285715,0.45454545454545453,0.7857142857142857,1.0
